Place,Movie Title,Rating,Year,Reviews
"2,001",Mission: The Last War,6.8,2008,0
"2,002",8 PM: A Murder Mystery,4.6,2008,0
"2,008",Phir Tauba Tauba,3.4,2008,0
"2,009",My Name Is Anthony Gonsalves,3.9,2008,5
"2,010",Halla Bol,6.1,2008,11
"2,011",Pazhani,2.8,2008,1
"2,012",Bombay to Bangkok,4.7,2008,10
"2,013",Tulsi: Mathrudevobhava,6.2,2008,3
"2,014",Sunday,5.5,2008,18
"2,015",Mr. Medhavi,6.0,2008,1
"2,016",Rama Rama Kya Hai Dramaaa,4.0,2008,5
"2,018",Superstar,6.1,2008,5
"2,019",Mithya,7.1,2008,4
"2,020",Visakha Express,5.0,2008,1
"2,021",Jodhaa Akbar,7.5,2008,4
"2,022",Dhara,4.8,2008,0
"2,023",Tathagatha Buddha The Life & Times of Gautama Buddha,8.0,2008,0
"2,024",Black & White,6.2,2008,9
"2,026",Kabhi Socha Bhi Na Tha,6.2,2008,0
"2,027",26th July at Barista,3.2,2008,1
"2,028",Race,6.6,2008,19
"2,029",One Two Three,5.4,2008,16
"2,030","Lovesongs: Yesterday, Today & Tomorrow",5.1,2008,0
"2,031",Antardwand,7.3,2008,13
"2,032",Shaurya: It Takes Courage to Make Right... Right,7.3,2008,6
"2,033",Bhram: An Illusion,4.1,2008,4
"2,034",U Me Aur Hum,5.9,2008,11
"2,035",Kahaani Gudiya Ki...: True Story of a Woman,6.3,2008,0
"2,036",Krazzy 4,4.2,2008,12
"2,037",Pehli Nazar Ka Pyaar,5.0,2008,0
"2,039",Yaar Meri Zindagi,4.8,2008,3
"2,040",Tashan,3.8,2008,3
"2,041",Sirf....: Life Looks Greener on the Other Side,5.9,2008,3
"2,042",Mumbai Cutting,6.1,2008,0
"2,043",Anamika: The Untold Story,3.7,2008,5
"2,044",Mr. White Mr. Black,3.4,2008,2
"2,045",Pranali: The Tradition,5.8,2008,1
"2,046",Bhootnath,6.3,2008,24
"2,047",Jimmy,1.7,2008,8
"2,048",Karma: Crime. Passion. Reincarnation,5.1,2008,1
"2,049",Jannat: In Search of Heaven...,6.9,2008,7
"2,050",Dhoom Dadakka,3.5,2008,1
"2,051",Don Muthu Swami,5.0,2008,1
"2,052",Ghatothkach,7.2,2008,0
"2,053",Woodstock Villa,3.5,2008,11
"2,055",Sarkar Raj,6.7,2008,2
"2,056",Aamir,7.6,2008,6
"2,057",Hum Sey Hai Jahaan,3.9,2008,0
"2,058",Mere Baap Pehle Aap,5.4,2008,14
"2,059",Summer 2007,6.4,2008,5
"2,060",Dashavatar,6.4,2008,7
"2,061",Memsahab,7.0,2008,0
"2,062",De Taali,4.2,2008,6
"2,063",Haal-e-Dil,3.5,2008,0
"2,064",Khushboo: The Fragraance of Love,4.0,2008,1
"2,065",Thodi Life Thoda Magic,4.1,2008,0
"2,067",Thoda Pyaar Thoda Magic,4.9,2008,19
"2,068",Via Darjeeling,5.4,2008,5
"2,069",Jaane Tu... Ya Jaane Na,7.4,2008,1
"2,070",Love Story 2050,2.6,2008,19
"2,071",Mehbooba,3.8,2008,6
"2,072",Khela,7.3,2008,3
"2,073",When Kiran Met Karen,5.2,2008,0
"2,074",Kismat Konnection,5.3,2008,23
"2,075",Contract,4.1,2008,8
"2,076",Money Hai Toh Honey Hai,2.9,2008,11
"2,077",Mission Istaanbul: Darr Ke Aagey Jeet Hai!,3.5,2008,22
"2,079",Kuselan,4.8,2008,8
"2,080",Ugly Aur Pagli,3.8,2008,18
"2,081",Singh Is Kinng,5.7,2008,14
"2,082",Good Luck!,3.1,2008,0
"2,083",Y.M.I. Yeh Mera India,7.7,2008,15
"2,084",Bachna Ae Haseeno,6.2,2008,13
"2,085",God Tussi Great Ho,3.6,2008,16
"2,086",Sathyam,5.0,2008,0
"2,087",Maan Gaye Mughall-E-Azam,3.2,2008,12
"2,088",Mumbai Meri Jaan,7.7,2008,17
"2,089",Phoonk,3.9,2008,15
"2,090",My Friend Ganesha 2,5.2,2008,1
"2,091",Mukhbiir,6.9,2008,5
"2,092",C Kkompany,5.5,2008,9
"2,093",Rock On!!,7.7,2008,12
"2,094",Chamku,4.5,2008,14
"2,095",Hijack,3.8,2008,10
"2,096",Firaaq,7.3,2008,6
"2,097",A Wednesday,8.1,2008,14
"2,100",1920,6.4,2008,23
"2,101",Ru-Ba-Ru,6.0,2008,13
"2,102",Welcome to Sajjanpur,6.9,2008,10
"2,103",Saas Bahu Aur Sensex,5.1,2008,4
"2,104",Hulla,6.4,2008,6
"2,105",Hari Puttar: A Comedy of Terrors,1.9,2008,3
"2,106",The Firm Land,5.8,2008,0
"2,107",Souryam,5.7,2008,0
"2,108",Rafoo Chakkar: Fun on the Run,3.4,2008,2
"2,109",Kidnap,4.6,2008,24
"2,110",Drona,2.0,2008,10
"2,112",Ocean of an Old Man,7.0,2008,0
"2,113",Hello,3.3,2008,24
"2,114",Karzzzz,2.3,2008,2
"2,115",Roadside Romeo,4.9,2008,2
"2,116",Heroes,5.7,2008,21
"2,117",Fashion,6.9,2008,22
"2,118",Golmaal Returns,5.1,2008,19
"2,119",Cheenti Cheenti Bang Bang,5.4,2008,0
"2,120",Ek Vivaah... Aisa Bhi,5.3,2008,13
"2,121",Rang Rasiya,7.0,2008,19
"2,122",EMI: Liya Hai To Chukana Padega,4.4,2008,8
"2,123",Dasvidaniya,7.8,2008,9
"2,124",Love Has No Language,6.5,2008,0
"2,125",Dostana,6.5,2008,17
"2,126",Desh Drohi,1.2,2008,22
"2,127",Yuvvraaj,4.1,2008,4
"2,128",Oye Lucky! Lucky Oye!,7.7,2008,5
"2,129",Sorry Bhai!,6.2,2008,21
"2,131",Meerabai Not Out,4.0,2008,4
"2,132",Dil Kabaddi,5.8,2008,11
"2,133","Oh, My God!!",5.4,2008,6
"2,134",Khallballi: Fun Unlimited,6.3,2008,0
"2,135",Maharathi,7.1,2008,19
"2,136",Gumnaam: The Mystery,3.1,2008,6
"2,137",Rab Ne Bana Di Jodi,7.2,2008,14
"2,138",Wafaa,3.9,2008,3
"2,139",Ghajini,7.3,2008,7
"2,140",Panchamirtham,6.8,2008,0
"2,141",Zabardast,6.0,2008,0
"2,142",Secrets of the Seven Sounds,5.9,2008,0
"2,144",Chanchal,4.4,2008,0
"2,148",Pirate's Blood,4.7,2008,2
"2,149",Saanncha,6.6,2008,0
"2,150",Phir Kabhi,7.3,2008,3
"2,154",Veer Yodha Prithviraj Chauhan,7.9,2008,0
"2,155",Bach ke Zara,3.0,2008,1
"2,158",Ishaara,5.7,2008,0
"2,164",Pal Pal Dil Ke Ssaat,5.3,2009,0
"2,168",Mudrank: The Stamp,7.6,2009,1
"2,173",Bad Luck Govind,4.0,2009,1
"2,174",The President Is Coming,6.8,2009,11
"2,175",Maska,5.3,2009,1
"2,176",Chandni Chowk to China,4.2,2009,9
"2,178",Aasma: The Sky Is the Limit,3.9,2009,2
"2,179",Raaz: The Mystery Continues,5.7,2009,11
"2,180",42 Kms.,4.6,2009,1
"2,181",Luck by Chance,7.1,2009,1
"2,182",Victory,3.8,2009,11
"2,183",Mere Khwabon Mein Jo Aaye,5.6,2009,4
"2,184",Dev.D,7.9,2009,14
"2,185",Chal Chala Chal,4.6,2009,2
"2,186",Street Fighter: The Legend of Chun-Li,3.7,2009,6
"2,187",Billu,6.3,2009,10
"2,188",The Stoneman Murders,7.3,2009,5
"2,189",Jugaad,5.4,2009,1
"2,190",Delhi-6,6.1,2009,19
"2,191",Kisse Pyaar Karoon?,3.4,2009,3
"2,192",Siddharth: The Prisoner,6.7,2009,1
"2,193","Karma, Confessions and Holi",2.9,2009,1
"2,194",The Forest,4.9,2009,1
"2,195",13B: Fear Has a New Address,7.3,2009,14
"2,196",Dhoondte Reh Jaoge,5.6,2009,12
"2,197",Jai Veeru: Friends Forever,3.7,2009,5
"2,198",Barah Aana,6.7,2009,17
"2,199",Gulaal,8.0,2009,22
"2,200",Aloo Chaat,5.9,2009,7
"2,201",Kisaan,5.5,2009,8
"2,202",Straight,5.8,2009,5
"2,203",Lottery,3.3,2009,0
"2,204",Veera Madakari,6.8,2009,0
"2,205",Aa Dekhen Zara,5.2,2009,17
"2,206",Ek: The Power of One,4.8,2009,3
"2,207",8 x 10 Tasveer,5.4,2009,15
"2,208",Ek Se Bure Do,4.2,2009,1
"2,209",Coffee House,7.6,2009,0
"2,210",Punnami Nagu,4.4,2009,0
"2,212",Meri Padosan,4.0,2009,0
"2,213",The Fakir of Venice,5.1,2009,6
"2,214",Kal Kissne Dekha,3.5,2009,6
"2,215","Gallit Gondhal, Dillit Mujra",7.5,2009,1
"2,216",99,7.3,2009,1
"2,217",Suno Na.. Ek Nanhi Aawaz,5.3,2009,1
"2,218",Ghar Pardes,5.6,2009,0
"2,219",Namah Shivaya Shantaya,6.5,2009,0
"2,221",Sanam Teri Kasam,4.1,2009,2
"2,222",Detective Naani,6.4,2009,1
"2,225",Madly Bangali,7.1,2009,4
"2,226",Mohandas,7.2,2009,4
"2,227",Care of Footpath,7.7,2009,0
"2,228",Team: The Force,4.2,2009,1
"2,229",Anubhav: An Actor's Tale,6.2,2009,0
"2,230",Maruti Mera Dosst,8.5,2009,2
"2,231",Zor Lagaa Ke... Haiya!,6.2,2009,1
"2,232",Kirkit,5.4,2009,0
"2,234",Paying Guests,4.3,2009,10
"2,235",Let's Dance,6.2,2009,0
"2,236",Hum Phirr Milein Na Milein,4.7,2009,0
"2,237",Raftaar - An Obsession,7.4,2009,0
"2,238",Thanks Maa,8.1,2009,8
"2,239",Quick Gun Murugun: Misadventures of an Indian Cowboy,5.8,2009,10
"2,241",New York,6.8,2009,11
"2,242",Runway: Love Among Gun Shots...,4.5,2009,0
"2,243",Khargosh,8.4,2009,1
"2,244",Kambakkht Ishq,3.8,2009,13
"2,246",Shortkut - The Con Is On,3.4,2009,9
"2,247",Sankat City,6.3,2009,7
"2,248",Morning Walk,4.9,2009,2
"2,249",Samrajyam,4.4,2009,0
"2,251",Jashnn: The Music Within,4.5,2009,4
"2,252",Dekh Bhai Dekh: Laughter Behind Darkness,5.0,2009,0
"2,253",Red Alert: The War Within,6.5,2009,11
"2,254",Luck,4.8,2009,18
"2,255",Love Aaj Kal,6.8,2009,20
"2,256",Agyaat,3.0,2009,20
"2,257",Teree Sang: A Kidult Love Story,6.4,2009,7
"2,258",Chal Chalein,6.8,2009,0
"2,259",Anjaneyulu,4.9,2009,2
"2,260",Kaminey,7.4,2009,4
"2,261",Sikandar,6.4,2009,6
"2,262",Shadow,5.1,2009,1
"2,263",Daddy Cool: Join the Fun,3.9,2009,5
"2,264",Love Khichdi,5.7,2009,5
"2,265",Toss: A Flip of Destiny,7.9,2009,0
"2,266",Love Game,7.0,2009,0
"2,267",Well Done Abba!,7.3,2009,16
"2,268",Chintu Ji,5.6,2009,10
"2,269",Fox,5.3,2009,8
"2,270","Three: Love, Lies, Betrayal",6.0,2009,2
"2,271",Aagey Se Right,5.2,2009,5
"2,272",Bachelor Party,4.8,2009,0
"2,273",Baabarr,5.6,2009,8
"2,274",Vaada Raha... I Promise,5.7,2009,8
"2,275",Aamras: The Sweet Taste of Friendship,5.8,2009,0
"2,276",Aadmi Ki Aurat Aur Anya Kahaniya,7.7,2009,0
"2,277",Dil Bole Hadippa!,4.7,2009,9
"2,278",Tales of Siva 1,7.2,2009,0
"2,279",Cooking with Stella,5.4,2009,3
"2,280",Wanted,6.6,2009,12
"2,281","Road, Movie",6.8,2009,25
"2,282",Blue Oranges,6.4,2009,6
"2,283",What's Your Raashee?,4.8,2009,8
"2,284",Fast Forward,5.5,2009,1
"2,286",Wake Up Sid,7.6,2009,10
"2,287",Do Knot Disturb,3.7,2009,13
"2,288",Mahathma,5.8,2009,0
"2,289",Acid Factory,5.1,2009,5
"2,290",Vihir,7.6,2009,2
"2,291",3 Nights 4 Days,5.4,2009,0
"2,292",Main Aurr Mrs Khanna,3.4,2009,18
"2,293",Blue,3.7,2009,15
"2,294",All the Best: Fun Begins,6.1,2009,11
"2,295",Meri Life Mein Uski Wife,5.0,2009,0
"2,296",Fruit & Nut,3.0,2009,3
"2,297",Love Kaa Taddka,4.9,2009,1
"2,298",Ek Niranjan,5.3,2009,2
"2,299",London Dreams,5.4,2009,11
"2,300",Aladin,4.7,2009,25
"2,301",Tera Kya Hoga Johnny,6.0,2009,4
"2,302",340,5.6,2009,0
"2,303",Road to Sangam,7.4,2009,22
"2,304",Fatso!,5.7,2009,5
"2,305","Raat Gayi, Baat Gayi?",6.3,2009,10
"2,306",The White Elephant,5.8,2009,1
"2,307",Jail,6.2,2009,21
"2,308",Ajab Prem Ki Ghazab Kahani,6.3,2009,4
"2,309",3 Idiots,8.4,2009,25
"2,311",Saluun,No ratings,2009,2
"2,312",Aisi Deewangi,4.7,2009,0
"2,313",Tum Mile,5.0,2009,13
"2,314",Aao Wish Karein,5.1,2009,5
"2,315",Kurbaan,5.7,2009,1
"2,316",Marega Salaa,4.8,2009,1
"2,317",De Dana Dan,5.7,2009,23
"2,318",Yeh Hai Malegaon Ka Superman,7.8,2009,1
"2,319",Radio: Love on Air,3.6,2009,3
"2,320",Paa,7.1,2009,2
"2,321",Rocket Singh: Salesman of the Year,7.5,2009,25
"2,322",Tales of Siva 2,8.2,2009,0
"2,323",Aseema: Beyond Boundaries,5.7,2009,0
"2,324",World Cupp 2011,3.0,2009,1
"2,327",S.R.K.,7.7,2009,0
"2,328",Ek Tho Chance,4.6,2009,1
"2,330",Horn 'OK' Pleassss,4.2,2009,0
"2,331",Madholal Keep Walking,6.3,2009,1
"2,334",Aapa Akka,6.6,2009,0
"2,338",Dreams... Do Come True,7.7,2009,0
"2,340",Accident on Hill Road,4.1,2010,6
"2,341",Bolo Raam,5.2,2009,0
"2,342",Sanam Hum Aapke Hain...,5.9,2009,0
"2,343",Dvandva,6.9,2009,1
"2,344",Banaras,3.7,2009,0
"2,345",Kaash Mere Hote,5.9,2009,0
"2,346",London Calling,4.1,2009,0
"2,347","Do Paise Ki Dhoop, Chaar Aane Ki Baarish",6.6,2009,7
"2,348",Garjjanam,4.9,2009,0
"2,354",Son of Dracula,6.6,2009,0
"2,355",Houseful,6.7,2009,0
"2,356",Bal Ganesh 2,7.3,2009,0
"2,364",Dulha Mil Gaya,4.2,2010,10
"2,365",Pyaar Impossible!,4.9,2010,23
"2,366",Namo Venkatesa,5.4,2010,0
"2,367",Chance Pe Dance,4.8,2010,15
"2,368",Bhavnao Ko Samjho,4.5,2010,1
"2,369",Hello Hum Lallann Bol Rahe Hain,6.4,2010,3
"2,370",The Waiting Room,5.7,2010,0
"2,371",Veer,4.6,2010,17
"2,372",Seetharamula Kalyanam Lankalo,4.3,2010,0
"2,373",Peepli [Live],7.4,2010,23
"2,374",Rann,6.9,2010,11
"2,375",Fired,4.5,2010,9
"2,376",Striker,6.9,2010,6
"2,378",My Name Is Khan,7.9,2010,6
"2,380",Click,3.5,2010,3
"2,381",Toh Baat Pakki!,5.3,2010,3
"2,382",Teen Patti,4.2,2010,20
"2,383",Karthik Calling Karthik,7.1,2010,7
"2,384",Prem Kaa Game,3.5,2010,1
"2,385",The Impossible Murder,6.6,2010,1
"2,386",Atithi Tum Kab Jaoge?,6.4,2010,12
"2,387",Rokkk,4.2,2010,3
"2,388",Hello Zindagi,6.4,2010,0
"2,389",Right Yaaa Wrong,6.6,2010,14
"2,390",Hide & Seek,4.2,2010,10
"2,391",Do Dilon Ke Khel Mein,5.5,2010,1
"2,392",Na Ghar Ke Na Ghaat Ke,6.2,2010,9
"2,393",Trump Card,3.2,2010,0
"2,394",Swaha: Life Beyond Superstition,3.4,2010,1
"2,395",Lahore,6.3,2010,14
"2,396",Shaapit: The Cursed,5.4,2010,13
"2,397",Mittal V/S Mittal,4.1,2010,1
"2,398","LSD: Love, Sex Aur Dhokha",7.2,2010,14
"2,399",Idiot Box,4.4,2010,1
"2,401",Bohlol Dana - A Sage of Baghdad,8.2,2010,0
"2,402",Hum Tum Aur Ghost,4.9,2010,8
"2,403",Muskurake Dekh Zara,4.8,2010,0
"2,404",My Friend Ganesha 3,5.0,2010,1
"2,405",Ashok Chakra: Tribute to Real Heroes,5.2,2010,0
"2,406",Pankh,3.8,2010,6
"2,407",Sadiyaan: Boundaries Divide... Love Unites,4.4,2010,4
"2,408",Tum Milo Toh Sahi,5.6,2010,9
"2,409",Saat Saheliyan,4.2,2010,0
"2,410",Jaane Kahan Se Aayi Hai,4.4,2010,3
"2,411",Prince,4.4,2010,2
"2,412",Get Educated: Paathshaala,5.0,2010,12
"2,413",Phoonk 2,3.1,2010,7
"2,414",Apartment: Rent at Your Own Risk,3.4,2010,7
"2,415",City of Gold - Mumbai 1982: Ek Ankahee Kahani,6.7,2010,12
"2,416",Bird Idol,5.6,2010,0
"2,417",Musaa: The Most Wanted,3.7,2010,1
"2,418",Kuchh Kariye,4.2,2010,0
"2,420",Housefull,5.4,2010,22
"2,421",Chase,5.0,2010,2
"2,422",Soch Lo,6.5,2010,1
"2,423",Badmaa$h Company,6.1,2010,1
"2,425",I Am Kalam,7.9,2010,20
"2,426",Bumm Bumm Bole,6.1,2010,8
"2,427",Admissions Open,3.3,2010,4
"2,428",Kushti,4.4,2010,2
"2,429",Vroom,5.7,2010,0
"2,430",Udaan,8.1,2010,16
"2,431",Kites,6.0,2010,19
"2,432",Golimar,6.0,2010,2
"2,433",Pratisaad: The Response,8.2,2010,0
"2,435",Raajneeti,7.1,2010,21
"2,436",Panchakshari,3.7,2010,2
"2,437",The Camp,6.5,2010,0
"2,438",Raavan,5.4,2010,4
"2,439",Krantiveer: The Revolution,4.5,2010,1
"2,440",Mr. Singh/Mrs. Mehta,4.2,2010,5
"2,441",The Film Love.Com... The Ultimate Killing Site,3.7,2010,0
"2,442",I Hate Luv Storys,5.6,2010,6
"2,443",Bengaloored,8.2,2010,3
"2,444",Milenge Milenge,4.0,2010,10
"2,446",Lamhaa: The Untold Story of Kashmir,5.0,2010,12
"2,447",Tere Bin Laden,7.2,2010,8
"2,448",Khatta Meetha,5.8,2010,13
"2,449",Once Upon a Time in Mumbaai,7.4,2010,20
"2,450",Aisha,5.1,2010,9
"2,451",Help,4.2,2010,6
"2,453",Lafangey Parindey,5.2,2010,15
"2,455",Hello Darling,2.8,2010,1
"2,456",Aashayein,7.1,2010,14
"2,457",We Are Family,5.6,2010,22
"2,458",The Film Emotional Atyachar,6.2,2010,6
"2,459",Mallika,4.7,2010,0
"2,460",Dabangg,6.2,2010,7
"2,461",Memories in March,7.3,2010,10
"2,462",Harud,6.5,2010,5
"2,463",Life Express,4.5,2010,1
"2,464",I Am,6.8,2010,12
"2,465",Dunno Y Na Jaane Kyun...,3.7,2010,1
"2,466",Anjaana Anjaani,5.7,2010,11
"2,467",Dhobi Ghat,7.0,2010,2
"2,468",That Girl in Yellow Boots,6.6,2010,9
"2,469",Pairon Talle,5.8,2010,2
"2,470",Khichdi: The Movie,7.3,2010,20
"2,471",Benny and Babloo,6.2,2010,6
"2,472",Pump Up the Mandali,7.4,2010,0
"2,473",Do Dooni Chaar,7.5,2010,13
"2,474",Crook: It's Good to Be Bad,5.1,2010,6
"2,475",Bachao - Inside Bhoot Hai...,5.6,2010,0
"2,476",Knock Out,6.1,2010,14
"2,477",Kajraare,3.0,2010,4
"2,478",Aakrosh,7.0,2010,12
"2,479",Ramayana: The Epic,5.8,2010,13
"2,480",Hisss,2.9,2010,24
"2,481",Jhootha Hi Sahi,6.2,2010,21
"2,482",Mirch,6.5,2010,10
"2,483",Rakhta Charitra,7.6,2010,17
"2,484",Dus Tola,7.0,2010,5
"2,485",Malik Ek,7.5,2010,0
"2,486",Daayen Ya Baayen,7.1,2010,11
"2,487",Pappu Can't Dance Saala,6.5,2010,4
"2,488",Nakshatra,5.1,2010,2
"2,489",I Am 24,6.0,2010,9
"2,490",Mee Sindhutai Sapkal,7.8,2010,2
"2,491",The Untitled Kartik Krishnan Project,5.6,2010,2
"2,492",Phas Gaye Re Obama,7.5,2010,23
"2,493",Action Replayy,4.2,2010,12
"2,494",Golmaal 3,5.5,2010,21
"2,495",A Flat,4.4,2010,6
"2,496",Ramaa: The Saviour,3.5,2010,4
"2,497",Guzaarish,7.4,2010,1
"2,499",Shahrukh Bola 'Khoobsurat Hai Tu'... And She Believed in It,4.5,2010,2
"2,502",Break Ke Baad,5.1,2010,23
"2,504",Allah Ke Banday,5.9,2010,7
"2,505",Payback,5.6,2010,0
"2,506",Khuda Kasam,3.1,2010,3
"2,507",Tere Ishq Nachaya,2.6,2010,0
"2,508",Khelein Hum Jee Jaan Sey,5.8,2010,20
"2,509",Rakhta Charitra 2,6.5,2010,16
"2,510",No Problem,4.4,2010,18
"2,511",Band Baaja Baaraat,7.2,2010,10
"2,512",Iti Mrinalini: An Unfinished Letter...,6.8,2010,3
"2,513",Kaalo,3.5,2010,6
"2,514",Toonpur Ka Superrhero,4.3,2010,4
"2,515",Tees Maar Khan,2.6,2010,25
"2,516",Isi Life Mein...!,5.5,2010,5
"2,517",Fauj Mein Mauj,4.9,2010,0
"2,518",He - The Only One,6.0,2010,0
"2,521",Lava Kusa: The Warrior Twins,7.1,2010,0
"2,522",Ada... A Way of Life,3.7,2010,1
"2,525",10ml LOVE,6.4,2010,2
"2,526",Phillum City,5.5,2010,0
"2,528",Arohan,7.0,2010,0
"2,530",Bhoot and Friends,5.3,2010,0
"2,532",Guru Sishyan,2.8,2010,0
"2,534",Shor in the City,7.2,2010,4
"2,535",Ek Aadat,3.9,2010,0
"2,537",My Husband's Wife,3.9,2010,0
"2,538",Xang Xang Klang,No ratings,2010,1
"2,539",Pataliputhra,7.7,2010,0
"2,551",No One Killed Jessica,7.2,2011,17
"2,552",Ashoka the Hero,8.3,2011,0
"2,553",Vikalp,7.1,2011,1
"2,554",Impatient Vivek,2.2,2011,0
"2,555",Turning 30!!!,5.3,2011,6
"2,556",Yamla Pagla Deewana,5.7,2011,25
"2,557",Mumbai Mast Kallander,6.8,2011,0
"2,558",Double Boss,6.1,2011,0
"2,559",Aashiqui.In,3.8,2011,1
"2,560",Hostel,5.2,2011,6
"2,561",Dil Toh Baccha Hai Ji,5.9,2011,7
"2,562",Shuttlecock Boys,6.7,2011,13
"2,563",Laadli Laila,5.9,2011,2
"2,565",Yeh Saali Zindagi,7.4,2011,1
"2,566",United Six,7.7,2011,0
"2,567",Angel,6.5,2011,1
"2,568",Tum Hi To Ho...,4.2,2011,0
"2,569",Patiala House,5.6,2011,11
"2,570",7 Khoon Maaf,6.3,2011,19
"2,571",Kaccha Limboo,6.5,2011,2
"2,572",Masti Express,4.1,2011,0
"2,573",Tanu Weds Manu,6.8,2011,23
"2,574",Satrangee Parachute,5.4,2011,1
"2,575",Utt Pataang,6.0,2011,6
"2,576",Yeh Faasley,5.9,2011,2
"2,577",Happy Husbands,3.3,2011,0
"2,578",Monica,5.4,2011,2
"2,579",Game,5.2,2011,23
"2,580",F.A.L.T.U,4.7,2011,13
"2,581",Thank You,4.7,2011,7
"2,582",Teen Thay Bhai,4.2,2011,5
"2,583",Zokkomon,4.1,2011,3
"2,584",Dharti,7.2,2011,5
"2,585",Dum Maaro Dum,6.2,2011,8
"2,586",Naughty @ 40,2.7,2011,4
"2,587",Chalo Dilli,6.8,2011,19
"2,588",Men Will Be Men,6.2,2011,0
"2,589",Abhishapt,8.2,2011,0
"2,590",Haunted - 3D,6.3,2011,13
"2,591",Luv Ka the End,4.9,2011,11
"2,592",Love U... Mr. Kalakaar!,5.4,2011,5
"2,593",Shagird,7.0,2011,17
"2,594",Ragini MMS,5.1,2011,25
"2,595",Stanley Ka Dabba,7.8,2011,18
"2,596",404: Error Not Found,7.3,2011,24
"2,598",A Strange Love Story,3.6,2011,0
"2,599",Pyaar Ka Punchnama,7.6,2011,6
"2,600",Noukadubi,7.7,2011,8
"2,602",The Train,4.7,2011,0
"2,603",Kucch Luv Jaisaa,4.4,2011,2
"2,604",Sheetalbhabi.com,4.0,2011,0
"2,605",Ready,4.8,2011,6
"2,606",Shaitan,7.2,2011,5
"2,607",Love Express,5.1,2011,3
"2,608",Bhindi Baazaar,6.1,2011,8
"2,609",Always Kabhi Kabhi,4.2,2011,4
"2,610",Bheja Fry 2,4.7,2011,13
"2,611",Bin Bulaye Baraati,3.7,2011,1
"2,612",Cycle Kick,6.8,2011,2
"2,614",Double Dhamaal,3.9,2011,20
"2,616",Bhuddah Hoga Tera Baap,5.6,2011,3
"2,617",Delhi Belly,7.5,2011,24
"2,619",Patang,6.2,2011,4
"2,620",Chillar Party,7.5,2011,3
"2,621",Murder 2,6.3,2011,19
"2,622",Zindagi Na Milegi Dobara,8.2,2011,24
"2,623",5ters: Castle of Dark Master,5.2,2011,0
"2,624",Singham,6.8,2011,10
"2,626",Khap,4.9,2011,3
"2,627",Gandhi to Hitler,2.4,2011,7
"2,628",Bubble Gum,7.4,2011,9
"2,630",Chala Mussaddi - Office Office,6.1,2011,3
"2,631",Aagaah: The Warning,3.8,2011,1
"2,632",Hair is Falling: A Serious Comedy Film,5.4,2011,0
"2,633",Milta Hai Chance by Chance,7.7,2011,0
"2,635",Aarakshan,6.2,2011,23
"2,636",Phhir,5.2,2011,3
"2,637",The Idiotmaker's Gravity Tour,7.0,2011,0
"2,638",Chatur Singh Two Star,1.8,2011,7
"2,639",Sahi Dhandhe Galat Bande,5.3,2011,6
"2,640",Veettilekkulla Vazhi,6.8,2011,1
"2,641",Not a Love Story,5.2,2011,20
"2,642",Chitkabrey,4.0,2011,3
"2,643",Yeh Dooriyan,4.7,2011,2
"2,644",Stand By,6.5,2011,0
"2,645",Shabri,5.8,2011,3
"2,646",Bodyguard,4.7,2011,25
"2,647",The Murderer: Hamilton Palace,4.3,2011,2
"2,648",Mummy Punjabi: Superman Ki Bhi Maa!!,4.9,2011,1
"2,649",U R My Jaan,5.9,2011,3
"2,650",Mere Brother Ki Dulhan,5.9,2011,23
"2,651",Trishna,6.0,2011,2
"2,652",Breakaway,5.6,2011,4
"2,653",Michael,5.2,2011,2
"2,655",Trapped in Tradition: Rivaaz,5.3,2011,5
"2,656",Jaana Pehchana,5.1,2011,1
"2,658",Mausam,4.8,2011,13
"2,659",Saheb Biwi Aur Gangster,7.1,2011,14
"2,660",Mumbhai Connection,5.3,2011,0
"2,662",Vedi,3.8,2011,5
"2,663",Chargesheet,6.5,2011,4
"2,664",Tere Mere Phere,5.4,2011,7
"2,665",Force,6.5,2011,4
"2,666",Hum Tum Shabana,3.5,2011,1
"2,667",Sonchidi,6.6,2011,0
"2,668",Vellore Maavattam,5.9,2011,1
"2,669",Rascals,3.0,2011,14
"2,670",Love Breakups Zindagi,5.8,2011,8
"2,671",Soundtrack,7.1,2011,7
"2,672",Kshay,6.6,2011,3
"2,673",My Friend Pinto,5.3,2011,3
"2,674",Aazaan,4.4,2011,8
"2,675",Mod,6.5,2011,5
"2,676",Mujhse Fraaandship Karoge,6.9,2011,9
"2,677",Jo Dooba So Paar: It's Love in Bihar!,5.8,2011,2
"2,678",Be-Careful,3.1,2011,0
"2,679",Nirvana13,9.2,2011,23
"2,680",Ra.One,4.7,2011,21
"2,682",Damadamm!,4.5,2011,5
"2,683",Tell Me O Kkhuda,2.4,2011,3
"2,684",Delhi in a Day,6.2,2011,7
"2,685",Loot,3.5,2011,3
"2,686",Miley - Naa Miley - Hum,3.3,2011,1
"2,687",Rockstar,7.7,2011,3
"2,689",Gattu,7.4,2011,10
"2,690",Na Jaane Kabse,6.0,2011,1
"2,691",Shakal Pe Mat Ja,5.0,2011,2
"2,692",Who's There,4.2,2011,0
"2,694",Desi Boyz,5.7,2011,16
"2,695",Dam999,3.3,2011,21
"2,696",The Dirty Picture,6.6,2011,8
"2,697",Ladies vs. Ricky Bahl,6.0,2011,4
"2,698",Ye Stupid Pyar,5.4,2011,0
"2,699",Lanka,5.7,2011,2
"2,700",Jo Hum Chahein,5.3,2011,0
"2,702",Don 2,7.0,2011,9
"2,703",Chaloo Movie,4.4,2011,0
"2,704",Kya Yahi Sach Hai,6.6,2011,1
"2,707",Chhota Bheem aur Krishna: Mayanagari,8.2,2011,2
"2,708",Society Kaam Se Gayi,5.2,2011,0
"2,709",The Artist,8.2,2011,0
"2,711",Prince Vaali,7.6,2011,0
"2,713",SHUDRA: The Untouchables,9.0,2011,1
"2,715",Ek Din... Achanak,5.2,2011,0
"2,716",Haat - The Weekly Bazaar,6.0,2011,0
"2,717",Queens! Destiny of Dance,5.9,2011,1
"2,719",Hum Do Anjaane,3.8,2011,0
"2,720",Tum Ho Yaara,4.2,2011,0
"2,724",I Was Born in Delhi,4.2,2011,0
"2,730",Baarood (The Fire) - A Love Story,3.3,2012,2
"2,731",Jhansi Ki Rani Laxmibai,8.1,2012,1
"2,737",Players,4.2,2012,12
"2,738",This Weekend,3.3,2012,1
"2,739",Sadda Adda,7.1,2012,12
"2,740",Ghost,2.4,2012,5
"2,741",Chaalis Chauraasi,6.1,2012,4
"2,742",Tutiya Dil,5.1,2012,1
"2,743",Khokababu,5.1,2012,0
"2,744",100% Love,5.9,2012,0
"2,745",Agneepath,6.9,2012,3
"2,746",Love You to Death,6.0,2012,0
"2,747",Married 2 America,4.8,2012,0
"2,748",Gali Gali Chor Hai,5.2,2012,8
"2,749",Staying Alive,5.8,2012,0
"2,750",Ek Main Aur Ekk Tu,5.8,2012,8
"2,751",Valentine's Night,2.7,2012,0
"2,752",Ekk Deewana Tha,6.1,2012,25
"2,753",Bhobhar - The Live Ash,5.4,2012,0
"2,754",?: A Question Mark,5.8,2012,8
"2,755",The Life Kung-Fu,No ratings,2012,1
"2,756",Tere Naal Love Ho Gaya,5.8,2012,18
"2,757",Jodi Breakers,3.7,2012,4
"2,759",Life's Good,6.7,2012,0
"2,760",London Paris New York,5.6,2012,13
"2,761",Paan Singh Tomar,8.2,2012,2
"2,762",Diary of a Butterfly,3.8,2012,3
"2,763",Will You Marry Me,4.6,2012,0
"2,764",Kahaani,8.1,2012,6
"2,765",7 Welcome to London,4.4,2012,15
"2,766",Chaar Din Ki Chandni,4.1,2012,5
"2,767",Bijuka,6.9,2012,0
"2,769",Zindagi Tere Naam,5.0,2012,1
"2,770",Akkad Bakkad Bam Be Bo,8.4,2012,0
"2,771",Say Yes to Love,6.5,2012,0
"2,772",Agent Vinod,5.2,2012,11
"2,774",Blood Money,5.0,2012,10
"2,775",Bumboo,6.2,2012,5
"2,776",Stalker,3.9,2012,0
"2,777",Housefull 2,5.3,2012,5
"2,779",Chhodo Kal Ki Baatein,7.4,2012,2
"2,780",Bittoo Boss,4.1,2012,5
"2,781",Ab Hoga Dharna Unlimited,3.6,2012,0
"2,782",Le Halua Le,5.4,2012,0
"2,783",Vicky Donor,7.8,2012,4
"2,784",Hate Story,5.3,2012,5
"2,785",Life Ki Toh Lag Gayi,5.1,2012,4
"2,786",Tezz,4.1,2012,23
"2,787",The Wish Fish,3.4,2012,4
"2,788",Jannat 2,6.2,2012,2
"2,789",Kaksparsh,8.0,2012,13
"2,790",Love Recipe,4.8,2012,0
"2,791",Dangerous Ishhq,4.1,2012,18
"2,792",Ishaqzaade,6.5,2012,17
"2,793",Department,3.2,2012,21
"2,794",Chhota Bheem and the Curse of Damyaan,6.1,2012,5
"2,795",Peddlers,6.9,2012,1
"2,796",Gangs of Wasseypur,8.2,2012,16
"2,797",Miss Lovely,7.8,2012,24
"2,798",Yeh Khula Aasmaan,7.2,2012,1
"2,799",Arjun: The Warrior Prince,6.8,2012,22
"2,800",Rakhtbeej,3.1,2012,0
"2,802",Rowdy Rathore,5.8,2012,8
"2,803",Thadaiyara Thaakka,7.3,2012,6
"2,804",Bekhabar,6.5,2012,0
"2,805",Shanghai,7.3,2012,22
"2,806",Ferrari Ki Sawaari,6.4,2012,6
"2,807",Qasam Se Qasam Se,4.2,2012,0
"2,808",Chakradhaar,4.4,2012,2
"2,809",Kevi Rite Jaish,8.0,2012,8
"2,810",Teri Meri Kahaani,4.8,2012,19
"2,812",Daal Mein Kuch Kaala Hai,3.9,2012,1
"2,813",3 Bachelors,3.3,2012,0
"2,814",Maximum,4.7,2012,5
"2,815",Overtime,5.0,2012,0
"2,816",Delhi Safari,5.4,2012,23
"2,818",Bol Bachchan,5.6,2012,14
"2,820",Siyaah..,5.4,2012,1
"2,821",Cocktail,6.3,2012,18
"2,822",Mere Dost Picture Abhi Baaki Hai,3.7,2012,3
"2,823",Challo Driver,5.9,2012,3
"2,824",Shudra the Rising,8.2,2012,14
"2,825",Kyaa Super Kool Hain Hum,5.0,2012,17
"2,826",Aalaap,6.2,2012,0
"2,828",Yeh Jo Mohabbat Hai,5.4,2012,0
"2,829",Jism 2,3.0,2012,25
"2,830",Krishna Aur Kans,6.5,2012,9
"2,831",5 Ghantey Mien 5 Crore,5.8,2012,0
"2,832",Lala Hardaul,8.1,2012,0
"2,834",Ek Tha Tiger,5.5,2012,20
"2,835",Second Marriage Dot Com,7.9,2012,2
"2,836",Shirin Farhad Ki Toh Nikal Padi,4.6,2012,14
"2,838",Joker,2.4,2012,18
"2,839",B.A. Pass,6.4,2012,9
"2,840",Midnight's Children,6.2,2012,6
"2,841",From Sydney with Love,6.3,2012,1
"2,843",Ship of Theseus,8.0,2012,5
"2,844",Shahid,8.2,2012,18
"2,845",Riwayat,4.6,2012,0
"2,846",Raaz 3: The Third Dimension,4.1,2012,25
"2,847",Chal Pichchur Banate Hain,6.4,2012,0
"2,848",Barfi!,8.1,2012,17
"2,849",English Vinglish,7.8,2012,4
"2,850",Jeena Hai Toh Thok Daal,5.5,2012,0
"2,851",The Lost Tape,5.2,2012,1
"2,852",Ganga Devi,5.5,2012,0
"2,854",Heroine,5.0,2012,17
"2,855",Kamaal Dhamaal Malamaal,4.2,2012,3
"2,856",Life of Pi,7.9,2012,3
"2,857",OMG: Oh My God!,8.1,2012,24
"2,858",Jalpari: The Desert Mermaid,7.2,2012,6
"2,859",Kismet Love Paisa Dilli,4.4,2012,18
"2,860",Manthrikan,3.5,2012,0
"2,861",Filmistaan,7.3,2012,14
"2,862",Aiyyaa,4.3,2012,12
"2,863",Chakravyuh,6.8,2012,9
"2,864",Chittagong,7.3,2012,25
"2,866",Login,5.7,2012,2
"2,867",Maharana Pratap: The First Freedom Fighter,5.4,2012,2
"2,868",Mumbai Cha Raja,6.3,2012,2
"2,869",Bhoot Returns,2.6,2012,11
"2,871",Oass,6.9,2012,2
"2,872",Student of the Year,5.2,2012,13
"2,873",Janleva 555,4.2,2012,0
"2,874",Ajab Gazabb Love,4.4,2012,4
"2,875",Rush,3.8,2012,5
"2,877",Swami Ayyappan,8.1,2012,1
"2,878",Ata Pata Lapatta,5.4,2012,1
"2,879",Luv Shuv Tey Chicken Khurana,6.6,2012,1
"2,880",1920: Evil Returns,4.8,2012,20
"2,881",Future to Bright Hai Ji,6.2,2012,1
"2,882",Sons of Ram,7.1,2012,1
"2,884",Le Gaya Saddam,6.7,2012,0
"2,885",Ballad of Rustom,8.4,2012,0
"2,886",It's Rocking: Dard-E-Disco,4.3,2012,0
"2,887",Jab Tak Hai Jaan,6.7,2012,14
"2,888",Son of Sardaar,4.1,2012,5
"2,889",Yakshi Faithfully Yours,3.9,2012,3
"2,890",Edegarike,8.1,2012,3
"2,891",Gangoobai,7.7,2012,8
"2,892",Talaash,7.2,2012,5
"2,893",Aayna Ka Bayna,6.1,2012,2
"2,894",I.D.,7.0,2012,7
"2,896",Khiladi 786,4.3,2012,7
"2,897",Four Two Ka One,4.5,2012,0
"2,898",The Last Act,6.6,2012,0
"2,899",Myoho,7.5,2012,2
"2,901",Dabangg 2,4.8,2012,13
"2,902",August 2,4.5,2012,0
"2,903",2 Nights in Soul Valley,7.7,2012,0
"2,906",Mr Fraud,4.0,2012,0
"2,908",Pehla Sitara,7.6,2012,0
"2,909",The Bhai,8.1,2012,0
"2,911",Hansa,7.9,2012,1
"2,912",Luv U Soniyo,5.6,2012,1
"2,913",Rangdari,8.1,2012,0
"2,914",Shobhna's Seven Nights,7.0,2012,0
"2,915",One More...,7.8,2012,0
"2,916",In the Name of Tai,7.8,2012,0
"2,917",Jaanleva Black Blood,6.8,2012,0
"2,920",Greater Elephant,5.8,2012,0
"2,928",Ko: Yad,7.9,2012,1
"2,940",An Unfold Fact Lateef,3.3,2015,2
"2,945",Table No.21,7.2,2013,2
"2,946",Rajdhani Express,2.7,2013,5
"2,947",Dehraadun Diary,5.8,2013,0
"2,949",Matru Ki Bijlee Ka Mandola,5.6,2013,19
"2,951",The Nincompoops,7.5,2013,0
"2,952",Inkaar,6.1,2013,7
"2,953",Bandook,7.0,2013,17
"2,954",Mumbai Mirror,5.0,2013,5
"2,955",Race 2,5.3,2013,7
"2,956",Main Krishna Hoon,5.1,2013,2
"2,957",Vishwaroopam,7.9,2013,16
"2,958",Akaash Vani,6.3,2013,20
"2,959",David,6.2,2013,10
"2,960",The Light: Swami Vivekananda,8.5,2013,1
"2,961",Mahabharat Aur Barbareek,6.9,2013,2
"2,962",Listen... Amaya,6.5,2013,16
"2,963",Deewana Main Deewana,2.5,2013,3
"2,964",Mai,6.7,2013,3
"2,966",ABCD (Any Body Can Dance),6.3,2013,17
"2,967",Special Chabbis,8.0,2013,21
"2,968",Dracula 2012,2.0,2013,4
"2,969",The Unsound,4.7,2013,3
"2,970",Kai po che!,7.8,2013,19
"2,971",Murder 3,4.9,2013,20
"2,972",Attahaasa,6.9,2013,1
"2,973",Jayantabhai Ki Luv Story,5.3,2013,13
"2,974",Aadhi Bhagavan,5.4,2013,12
"2,975",Zila Ghaziabad,3.6,2013,15
"2,977","I, Me aur Main",4.7,2013,10
"2,978",The Attacks of 26/11,6.9,2013,6
"2,979",Bloody Isshq,7.8,2013,0
"2,981",Saheb Biwi Aur Gangster Returns,6.7,2013,18
"2,982",Saare Jahaan Se Mehnga...,7.1,2013,9
"2,983",Mere Dad Ki Maruti,6.4,2013,23
"2,984",3G: A Killer Connection,3.6,2013,13
"2,985",Jolly LLB,7.5,2013,19
"2,987",Kajri,6.4,2013,0
"2,988",Aatma,3.9,2013,9
"2,989",Rangrezz,5.2,2013,6
"2,990",Sona Spa,3.4,2013,1
"2,991",The Adventures of Sinbad,7.1,2013,0
"2,993",Himmatwala,1.7,2013,20
"2,994",Mere Haule Dost,7.2,2013,0
"2,995",Chashme Baddoor,5.4,2013,4
"2,996",Rise of the Zombie,3.3,2013,22
"2,997",Nautanki Saala!,5.8,2013,1
"2,998",Commando,6.2,2013,19
"2,999",Ek Thi Daayan,5.7,2013,21
"3,000",2 Little Indians,8.0,2013,11
